index,file_name,extension,file_type,full_path,relative_path,vite_public_path,parent_folder,size_bytes,width,height,aspect_ratio,orientation,mode,has_alpha_channel,has_transparent_pixels,alpha_status,animated,frame_count,suggested_page,suggested_role,notes
1,Holy_Flock_Background.webp,.webp,WEBP,C:\Users\Black Lab Films\webgl-site\public\images\background\Holy_Flock_Background.webp,background/Holy_Flock_Background.webp,/images/background/Holy_Flock_Background.webp,background,38680,4239,2826,1.5,landscape,RGB,False,False,no_alpha,False,1,shared_or_background,background,
2,DNFTA-poster-large.webp,.webp,WEBP,C:\Users\Black Lab Films\webgl-site\public\images\films\donotfeedtheanimals\DNFTA-poster-large.webp,films/donotfeedtheanimals/DNFTA-poster-large.webp,/images/films/donotfeedtheanimals/DNFTA-poster-large.webp,donotfeedtheanimals,116322,1555,2200,0.70682,portrait,RGB,False,False,no_alpha,False,1,shared_or_background,background,
3,DNFTA-poster-thumb.webp,.webp,WEBP,C:\Users\Black Lab Films\webgl-site\public\images\films\donotfeedtheanimals\DNFTA-poster-thumb.webp,films/donotfeedtheanimals/DNFTA-poster-thumb.webp,/images/films/donotfeedtheanimals/DNFTA-poster-thumb.webp,donotfeedtheanimals,39180,848,1200,0.70667,portrait,RGB,False,False,no_alpha,False,1,shared_or_background,background,
4,DNFTA-still-01-large.webp,.webp,WEBP,C:\Users\Black Lab Films\webgl-site\public\images\films\donotfeedtheanimals\DNFTA-still-01-large.webp,films/donotfeedtheanimals/DNFTA-still-01-large.webp,/images/films/donotfeedtheanimals/DNFTA-still-01-large.webp,donotfeedtheanimals,15762,2400,1005,2.38806,wide_landscape,RGB,False,False,no_alpha,False,1,shared_or_background,background,
5,DNFTA-still-01-thumb.webp,.webp,WEBP,C:\Users\Black Lab Films\webgl-site\public\images\films\donotfeedtheanimals\DNFTA-still-01-thumb.webp,films/donotfeedtheanimals/DNFTA-still-01-thumb.webp,/images/films/donotfeedtheanimals/DNFTA-still-01-thumb.webp,donotfeedtheanimals,4652,1300,545,2.38532,wide_landscape,RGB,False,False,no_alpha,False,1,shared_or_background,background,
6,DNFTA-still-02-large.webp,.webp,WEBP,C:\Users\Black Lab Films\webgl-site\public\images\films\donotfeedtheanimals\DNFTA-still-02-large.webp,films/donotfeedtheanimals/DNFTA-still-02-large.webp,/images/films/donotfeedtheanimals/DNFTA-still-02-large.webp,donotfeedtheanimals,58438,2400,1005,2.38806,wide_landscape,RGB,False,False,no_alpha,False,1,shared_or_background,background,
7,DNFTA-still-02-thumb.webp,.webp,WEBP,C:\Users\Black Lab Films\webgl-site\public\images\films\donotfeedtheanimals\DNFTA-still-02-thumb.webp,films/donotfeedtheanimals/DNFTA-still-02-thumb.webp,/images/films/donotfeedtheanimals/DNFTA-still-02-thumb.webp,donotfeedtheanimals,17058,1300,545,2.38532,wide_landscape,RGB,False,False,no_alpha,False,1,shared_or_background,background,
8,DNFTA-still-03-large.webp,.webp,WEBP,C:\Users\Black Lab Films\webgl-site\public\images\films\donotfeedtheanimals\DNFTA-still-03-large.webp,films/donotfeedtheanimals/DNFTA-still-03-large.webp,/images/films/donotfeedtheanimals/DNFTA-still-03-large.webp,donotfeedtheanimals,138276,2400,1005,2.38806,wide_landscape,RGB,False,False,no_alpha,False,1,shared_or_background,background,
9,DNFTA-still-03-thumb.webp,.webp,WEBP,C:\Users\Black Lab Films\webgl-site\public\images\films\donotfeedtheanimals\DNFTA-still-03-thumb.webp,films/donotfeedtheanimals/DNFTA-still-03-thumb.webp,/images/films/donotfeedtheanimals/DNFTA-still-03-thumb.webp,donotfeedtheanimals,38586,1300,545,2.38532,wide_landscape,RGB,False,False,no_alpha,False,1,shared_or_background,background,
10,DNFTA-still-04-large.webp,.webp,WEBP,C:\Users\Black Lab Films\webgl-site\public\images\films\donotfeedtheanimals\DNFTA-still-04-large.webp,films/donotfeedtheanimals/DNFTA-still-04-large.webp,/images/films/donotfeedtheanimals/DNFTA-still-04-large.webp,donotfeedtheanimals,121600,2400,1005,2.38806,wide_landscape,RGB,False,False,no_alpha,False,1,shared_or_background,background,
11,DNFTA-still-04-thumb.webp,.webp,WEBP,C:\Users\Black Lab Films\webgl-site\public\images\films\donotfeedtheanimals\DNFTA-still-04-thumb.webp,films/donotfeedtheanimals/DNFTA-still-04-thumb.webp,/images/films/donotfeedtheanimals/DNFTA-still-04-thumb.webp,donotfeedtheanimals,21976,1300,545,2.38532,wide_landscape,RGB,False,False,no_alpha,False,1,shared_or_background,background,
12,DNFTA-still-05-large.webp,.webp,WEBP,C:\Users\Black Lab Films\webgl-site\public\images\films\donotfeedtheanimals\DNFTA-still-05-large.webp,films/donotfeedtheanimals/DNFTA-still-05-large.webp,/images/films/donotfeedtheanimals/DNFTA-still-05-large.webp,donotfeedtheanimals,67168,2400,1005,2.38806,wide_landscape,RGB,False,False,no_alpha,False,1,shared_or_background,background,
13,DNFTA-still-05-thumb.webp,.webp,WEBP,C:\Users\Black Lab Films\webgl-site\public\images\films\donotfeedtheanimals\DNFTA-still-05-thumb.webp,films/donotfeedtheanimals/DNFTA-still-05-thumb.webp,/images/films/donotfeedtheanimals/DNFTA-still-05-thumb.webp,donotfeedtheanimals,21640,1300,545,2.38532,wide_landscape,RGB,False,False,no_alpha,False,1,shared_or_background,background,
14,DNFTA-still-06-large.webp,.webp,WEBP,C:\Users\Black Lab Films\webgl-site\public\images\films\donotfeedtheanimals\DNFTA-still-06-large.webp,films/donotfeedtheanimals/DNFTA-still-06-large.webp,/images/films/donotfeedtheanimals/DNFTA-still-06-large.webp,donotfeedtheanimals,92880,2400,1005,2.38806,wide_landscape,RGB,False,False,no_alpha,False,1,shared_or_background,background,
15,DNFTA-still-06-thumb.webp,.webp,WEBP,C:\Users\Black Lab Films\webgl-site\public\images\films\donotfeedtheanimals\DNFTA-still-06-thumb.webp,films/donotfeedtheanimals/DNFTA-still-06-thumb.webp,/images/films/donotfeedtheanimals/DNFTA-still-06-thumb.webp,donotfeedtheanimals,25714,1300,545,2.38532,wide_landscape,RGB,False,False,no_alpha,False,1,shared_or_background,background,
16,DNFTA-still-07-large.webp,.webp,WEBP,C:\Users\Black Lab Films\webgl-site\public\images\films\donotfeedtheanimals\DNFTA-still-07-large.webp,films/donotfeedtheanimals/DNFTA-still-07-large.webp,/images/films/donotfeedtheanimals/DNFTA-still-07-large.webp,donotfeedtheanimals,144260,1920,1080,1.77778,wide_landscape,RGB,False,False,no_alpha,False,1,shared_or_background,background,
17,DNFTA-still-07-thumb.webp,.webp,WEBP,C:\Users\Black Lab Films\webgl-site\public\images\films\donotfeedtheanimals\DNFTA-still-07-thumb.webp,films/donotfeedtheanimals/DNFTA-still-07-thumb.webp,/images/films/donotfeedtheanimals/DNFTA-still-07-thumb.webp,donotfeedtheanimals,29994,1100,619,1.77706,wide_landscape,RGB,False,False,no_alpha,False,1,shared_or_background,background,
18,DNFTA-still-08-large.webp,.webp,WEBP,C:\Users\Black Lab Films\webgl-site\public\images\films\donotfeedtheanimals\DNFTA-still-08-large.webp,films/donotfeedtheanimals/DNFTA-still-08-large.webp,/images/films/donotfeedtheanimals/DNFTA-still-08-large.webp,donotfeedtheanimals,237038,1920,1080,1.77778,wide_landscape,RGB,False,False,no_alpha,False,1,shared_or_background,background,
19,DNFTA-still-08-thumb.webp,.webp,WEBP,C:\Users\Black Lab Films\webgl-site\public\images\films\donotfeedtheanimals\DNFTA-still-08-thumb.webp,films/donotfeedtheanimals/DNFTA-still-08-thumb.webp,/images/films/donotfeedtheanimals/DNFTA-still-08-thumb.webp,donotfeedtheanimals,53386,1100,619,1.77706,wide_landscape,RGB,False,False,no_alpha,False,1,shared_or_background,background,
20,DNFTA-still-09-large.webp,.webp,WEBP,C:\Users\Black Lab Films\webgl-site\public\images\films\donotfeedtheanimals\DNFTA-still-09-large.webp,films/donotfeedtheanimals/DNFTA-still-09-large.webp,/images/films/donotfeedtheanimals/DNFTA-still-09-large.webp,donotfeedtheanimals,204012,1920,1080,1.77778,wide_landscape,RGB,False,False,no_alpha,False,1,shared_or_background,background,
21,DNFTA-still-09-thumb.webp,.webp,WEBP,C:\Users\Black Lab Films\webgl-site\public\images\films\donotfeedtheanimals\DNFTA-still-09-thumb.webp,films/donotfeedtheanimals/DNFTA-still-09-thumb.webp,/images/films/donotfeedtheanimals/DNFTA-still-09-thumb.webp,donotfeedtheanimals,65710,1100,619,1.77706,wide_landscape,RGB,False,False,no_alpha,False,1,shared_or_background,background,
22,DNFTA-still-10-large.webp,.webp,WEBP,C:\Users\Black Lab Films\webgl-site\public\images\films\donotfeedtheanimals\DNFTA-still-10-large.webp,films/donotfeedtheanimals/DNFTA-still-10-large.webp,/images/films/donotfeedtheanimals/DNFTA-still-10-large.webp,donotfeedtheanimals,132876,1920,1080,1.77778,wide_landscape,RGB,False,False,no_alpha,False,1,shared_or_background,background,
23,DNFTA-still-10-thumb.webp,.webp,WEBP,C:\Users\Black Lab Films\webgl-site\public\images\films\donotfeedtheanimals\DNFTA-still-10-thumb.webp,films/donotfeedtheanimals/DNFTA-still-10-thumb.webp,/images/films/donotfeedtheanimals/DNFTA-still-10-thumb.webp,donotfeedtheanimals,40558,1100,619,1.77706,wide_landscape,RGB,False,False,no_alpha,False,1,shared_or_background,background,
24,DNFTA-still-11-large.webp,.webp,WEBP,C:\Users\Black Lab Films\webgl-site\public\images\films\donotfeedtheanimals\DNFTA-still-11-large.webp,films/donotfeedtheanimals/DNFTA-still-11-large.webp,/images/films/donotfeedtheanimals/DNFTA-still-11-large.webp,donotfeedtheanimals,133112,1920,1080,1.77778,wide_landscape,RGB,False,False,no_alpha,False,1,shared_or_background,background,
25,DNFTA-still-11-thumb.webp,.webp,WEBP,C:\Users\Black Lab Films\webgl-site\public\images\films\donotfeedtheanimals\DNFTA-still-11-thumb.webp,films/donotfeedtheanimals/DNFTA-still-11-thumb.webp,/images/films/donotfeedtheanimals/DNFTA-still-11-thumb.webp,donotfeedtheanimals,35866,1100,619,1.77706,wide_landscape,RGB,False,False,no_alpha,False,1,shared_or_background,background,
26,ITAE-poster-16x9-large.webp,.webp,WEBP,C:\Users\Black Lab Films\webgl-site\public\images\films\invitationtoanexecution\ITAE-poster-16x9-large.webp,films/invitationtoanexecution/ITAE-poster-16x9-large.webp,/images/films/invitationtoanexecution/ITAE-poster-16x9-large.webp,invitationtoanexecution,175190,1600,900,1.77778,wide_landscape,RGB,False,False,no_alpha,False,1,shared_or_background,background,
27,ITAE-poster-16x9-thumb.webp,.webp,WEBP,C:\Users\Black Lab Films\webgl-site\public\images\films\invitationtoanexecution\ITAE-poster-16x9-thumb.webp,films/invitationtoanexecution/ITAE-poster-16x9-thumb.webp,/images/films/invitationtoanexecution/ITAE-poster-16x9-thumb.webp,invitationtoanexecution,25118,900,506,1.77866,wide_landscape,RGB,False,False,no_alpha,False,1,shared_or_background,background,
28,ITAE-poster-large.webp,.webp,WEBP,C:\Users\Black Lab Films\webgl-site\public\images\films\invitationtoanexecution\ITAE-poster-large.webp,films/invitationtoanexecution/ITAE-poster-large.webp,/images/films/invitationtoanexecution/ITAE-poster-large.webp,invitationtoanexecution,627712,1556,2200,0.70727,portrait,RGB,False,False,no_alpha,False,1,shared_or_background,background,
29,ITAE-poster-thumb.webp,.webp,WEBP,C:\Users\Black Lab Films\webgl-site\public\images\films\invitationtoanexecution\ITAE-poster-thumb.webp,films/invitationtoanexecution/ITAE-poster-thumb.webp,/images/films/invitationtoanexecution/ITAE-poster-thumb.webp,invitationtoanexecution,69824,849,1200,0.7075,portrait,RGB,False,False,no_alpha,False,1,shared_or_background,background,
30,ITAE-still-01-large.webp,.webp,WEBP,C:\Users\Black Lab Films\webgl-site\public\images\films\invitationtoanexecution\ITAE-still-01-large.webp,films/invitationtoanexecution/ITAE-still-01-large.webp,/images/films/invitationtoanexecution/ITAE-still-01-large.webp,invitationtoanexecution,55930,1920,1080,1.77778,wide_landscape,RGB,False,False,no_alpha,False,1,shared_or_background,background,
31,ITAE-still-01-thumb.webp,.webp,WEBP,C:\Users\Black Lab Films\webgl-site\public\images\films\invitationtoanexecution\ITAE-still-01-thumb.webp,films/invitationtoanexecution/ITAE-still-01-thumb.webp,/images/films/invitationtoanexecution/ITAE-still-01-thumb.webp,invitationtoanexecution,17370,1100,619,1.77706,wide_landscape,RGB,False,False,no_alpha,False,1,shared_or_background,background,
32,ITAE-still-02-large.webp,.webp,WEBP,C:\Users\Black Lab Films\webgl-site\public\images\films\invitationtoanexecution\ITAE-still-02-large.webp,films/invitationtoanexecution/ITAE-still-02-large.webp,/images/films/invitationtoanexecution/ITAE-still-02-large.webp,invitationtoanexecution,204012,1920,1080,1.77778,wide_landscape,RGB,False,False,no_alpha,False,1,shared_or_background,background,
33,ITAE-still-02-thumb.webp,.webp,WEBP,C:\Users\Black Lab Films\webgl-site\public\images\films\invitationtoanexecution\ITAE-still-02-thumb.webp,films/invitationtoanexecution/ITAE-still-02-thumb.webp,/images/films/invitationtoanexecution/ITAE-still-02-thumb.webp,invitationtoanexecution,76178,1100,619,1.77706,wide_landscape,RGB,False,False,no_alpha,False,1,shared_or_background,background,
34,ITAE-still-03-large.webp,.webp,WEBP,C:\Users\Black Lab Films\webgl-site\public\images\films\invitationtoanexecution\ITAE-still-03-large.webp,films/invitationtoanexecution/ITAE-still-03-large.webp,/images/films/invitationtoanexecution/ITAE-still-03-large.webp,invitationtoanexecution,65810,1920,1080,1.77778,wide_landscape,RGB,False,False,no_alpha,False,1,shared_or_background,background,
35,ITAE-still-03-thumb.webp,.webp,WEBP,C:\Users\Black Lab Films\webgl-site\public\images\films\invitationtoanexecution\ITAE-still-03-thumb.webp,films/invitationtoanexecution/ITAE-still-03-thumb.webp,/images/films/invitationtoanexecution/ITAE-still-03-thumb.webp,invitationtoanexecution,18306,1100,619,1.77706,wide_landscape,RGB,False,False,no_alpha,False,1,shared_or_background,background,
36,ITAE-still-04-large.webp,.webp,WEBP,C:\Users\Black Lab Films\webgl-site\public\images\films\invitationtoanexecution\ITAE-still-04-large.webp,films/invitationtoanexecution/ITAE-still-04-large.webp,/images/films/invitationtoanexecution/ITAE-still-04-large.webp,invitationtoanexecution,517970,1920,1080,1.77778,wide_landscape,RGB,False,False,no_alpha,False,1,shared_or_background,background,
37,ITAE-still-04-thumb.webp,.webp,WEBP,C:\Users\Black Lab Films\webgl-site\public\images\films\invitationtoanexecution\ITAE-still-04-thumb.webp,films/invitationtoanexecution/ITAE-still-04-thumb.webp,/images/films/invitationtoanexecution/ITAE-still-04-thumb.webp,invitationtoanexecution,167742,1100,619,1.77706,wide_landscape,RGB,False,False,no_alpha,False,1,shared_or_background,background,
38,ITAE-still-05-large.webp,.webp,WEBP,C:\Users\Black Lab Films\webgl-site\public\images\films\invitationtoanexecution\ITAE-still-05-large.webp,films/invitationtoanexecution/ITAE-still-05-large.webp,/images/films/invitationtoanexecution/ITAE-still-05-large.webp,invitationtoanexecution,85304,1920,1080,1.77778,wide_landscape,RGB,False,False,no_alpha,False,1,shared_or_background,background,
39,ITAE-still-05-thumb.webp,.webp,WEBP,C:\Users\Black Lab Films\webgl-site\public\images\films\invitationtoanexecution\ITAE-still-05-thumb.webp,films/invitationtoanexecution/ITAE-still-05-thumb.webp,/images/films/invitationtoanexecution/ITAE-still-05-thumb.webp,invitationtoanexecution,29162,1100,619,1.77706,wide_landscape,RGB,False,False,no_alpha,False,1,shared_or_background,background,
40,ITAE-still-06-large.webp,.webp,WEBP,C:\Users\Black Lab Films\webgl-site\public\images\films\invitationtoanexecution\ITAE-still-06-large.webp,films/invitationtoanexecution/ITAE-still-06-large.webp,/images/films/invitationtoanexecution/ITAE-still-06-large.webp,invitationtoanexecution,111378,1920,1080,1.77778,wide_landscape,RGB,False,False,no_alpha,False,1,shared_or_background,background,
41,ITAE-still-06-thumb.webp,.webp,WEBP,C:\Users\Black Lab Films\webgl-site\public\images\films\invitationtoanexecution\ITAE-still-06-thumb.webp,films/invitationtoanexecution/ITAE-still-06-thumb.webp,/images/films/invitationtoanexecution/ITAE-still-06-thumb.webp,invitationtoanexecution,40224,1100,619,1.77706,wide_landscape,RGB,False,False,no_alpha,False,1,shared_or_background,background,
42,ITAE-still-07-large.webp,.webp,WEBP,C:\Users\Black Lab Films\webgl-site\public\images\films\invitationtoanexecution\ITAE-still-07-large.webp,films/invitationtoanexecution/ITAE-still-07-large.webp,/images/films/invitationtoanexecution/ITAE-still-07-large.webp,invitationtoanexecution,90730,1920,1080,1.77778,wide_landscape,RGB,False,False,no_alpha,False,1,shared_or_background,background,
43,ITAE-still-07-thumb.webp,.webp,WEBP,C:\Users\Black Lab Films\webgl-site\public\images\films\invitationtoanexecution\ITAE-still-07-thumb.webp,films/invitationtoanexecution/ITAE-still-07-thumb.webp,/images/films/invitationtoanexecution/ITAE-still-07-thumb.webp,invitationtoanexecution,33978,1100,619,1.77706,wide_landscape,RGB,False,False,no_alpha,False,1,shared_or_background,background,
44,ITAE-still-08-large.webp,.webp,WEBP,C:\Users\Black Lab Films\webgl-site\public\images\films\invitationtoanexecution\ITAE-still-08-large.webp,films/invitationtoanexecution/ITAE-still-08-large.webp,/images/films/invitationtoanexecution/ITAE-still-08-large.webp,invitationtoanexecution,578360,1707,1280,1.33359,landscape,RGB,False,False,no_alpha,False,1,shared_or_background,background,
45,ITAE-still-08-thumb.webp,.webp,WEBP,C:\Users\Black Lab Films\webgl-site\public\images\films\invitationtoanexecution\ITAE-still-08-thumb.webp,films/invitationtoanexecution/ITAE-still-08-thumb.webp,/images/films/invitationtoanexecution/ITAE-still-08-thumb.webp,invitationtoanexecution,160478,960,720,1.33333,landscape,RGB,False,False,no_alpha,False,1,shared_or_background,background,
46,ITAE-still-09-large.webp,.webp,WEBP,C:\Users\Black Lab Films\webgl-site\public\images\films\invitationtoanexecution\ITAE-still-09-large.webp,films/invitationtoanexecution/ITAE-still-09-large.webp,/images/films/invitationtoanexecution/ITAE-still-09-large.webp,invitationtoanexecution,909914,1500,2000,0.75,portrait,RGB,False,False,no_alpha,False,1,shared_or_background,background,
47,ITAE-still-09-thumb.webp,.webp,WEBP,C:\Users\Black Lab Films\webgl-site\public\images\films\invitationtoanexecution\ITAE-still-09-thumb.webp,films/invitationtoanexecution/ITAE-still-09-thumb.webp,/images/films/invitationtoanexecution/ITAE-still-09-thumb.webp,invitationtoanexecution,248500,825,1100,0.75,portrait,RGB,False,False,no_alpha,False,1,shared_or_background,background,
48,ITAE-still-10-large.webp,.webp,WEBP,C:\Users\Black Lab Films\webgl-site\public\images\films\invitationtoanexecution\ITAE-still-10-large.webp,films/invitationtoanexecution/ITAE-still-10-large.webp,/images/films/invitationtoanexecution/ITAE-still-10-large.webp,invitationtoanexecution,220248,1707,1280,1.33359,landscape,RGB,False,False,no_alpha,False,1,shared_or_background,background,
49,ITAE-still-10-thumb.webp,.webp,WEBP,C:\Users\Black Lab Films\webgl-site\public\images\films\invitationtoanexecution\ITAE-still-10-thumb.webp,films/invitationtoanexecution/ITAE-still-10-thumb.webp,/images/films/invitationtoanexecution/ITAE-still-10-thumb.webp,invitationtoanexecution,58618,960,720,1.33333,landscape,RGB,False,False,no_alpha,False,1,shared_or_background,background,
50,ITAE-still-11-large.webp,.webp,WEBP,C:\Users\Black Lab Films\webgl-site\public\images\films\invitationtoanexecution\ITAE-still-11-large.webp,films/invitationtoanexecution/ITAE-still-11-large.webp,/images/films/invitationtoanexecution/ITAE-still-11-large.webp,invitationtoanexecution,587132,1707,1280,1.33359,landscape,RGB,False,False,no_alpha,False,1,shared_or_background,background,
51,ITAE-still-11-thumb.webp,.webp,WEBP,C:\Users\Black Lab Films\webgl-site\public\images\films\invitationtoanexecution\ITAE-still-11-thumb.webp,films/invitationtoanexecution/ITAE-still-11-thumb.webp,/images/films/invitationtoanexecution/ITAE-still-11-thumb.webp,invitationtoanexecution,138208,960,720,1.33333,landscape,RGB,False,False,no_alpha,False,1,shared_or_background,background,
52,ITAE-still-12-large.webp,.webp,WEBP,C:\Users\Black Lab Films\webgl-site\public\images\films\invitationtoanexecution\ITAE-still-12-large.webp,films/invitationtoanexecution/ITAE-still-12-large.webp,/images/films/invitationtoanexecution/ITAE-still-12-large.webp,invitationtoanexecution,1057130,1707,1280,1.33359,landscape,RGB,False,False,no_alpha,False,1,shared_or_background,background,
53,ITAE-still-12-thumb.webp,.webp,WEBP,C:\Users\Black Lab Films\webgl-site\public\images\films\invitationtoanexecution\ITAE-still-12-thumb.webp,films/invitationtoanexecution/ITAE-still-12-thumb.webp,/images/films/invitationtoanexecution/ITAE-still-12-thumb.webp,invitationtoanexecution,278306,960,720,1.33333,landscape,RGB,False,False,no_alpha,False,1,shared_or_background,background,
54,ITAE-still-13-large.webp,.webp,WEBP,C:\Users\Black Lab Films\webgl-site\public\images\films\invitationtoanexecution\ITAE-still-13-large.webp,films/invitationtoanexecution/ITAE-still-13-large.webp,/images/films/invitationtoanexecution/ITAE-still-13-large.webp,invitationtoanexecution,354460,1707,1280,1.33359,landscape,RGB,False,False,no_alpha,False,1,shared_or_background,background,
55,ITAE-still-13-thumb.webp,.webp,WEBP,C:\Users\Black Lab Films\webgl-site\public\images\films\invitationtoanexecution\ITAE-still-13-thumb.webp,films/invitationtoanexecution/ITAE-still-13-thumb.webp,/images/films/invitationtoanexecution/ITAE-still-13-thumb.webp,invitationtoanexecution,107904,960,720,1.33333,landscape,RGB,False,False,no_alpha,False,1,shared_or_background,background,
56,LMHMA-poster-16x9-large.webp,.webp,WEBP,C:\Users\Black Lab Films\webgl-site\public\images\films\lovemeholdmealways\LMHMA-poster-16x9-large.webp,films/lovemeholdmealways/LMHMA-poster-16x9-large.webp,/images/films/lovemeholdmealways/LMHMA-poster-16x9-large.webp,lovemeholdmealways,74790,1600,900,1.77778,wide_landscape,RGB,False,False,no_alpha,False,1,shared_or_background,background,
57,LMHMA-poster-16x9-thumb.webp,.webp,WEBP,C:\Users\Black Lab Films\webgl-site\public\images\films\lovemeholdmealways\LMHMA-poster-16x9-thumb.webp,films/lovemeholdmealways/LMHMA-poster-16x9-thumb.webp,/images/films/lovemeholdmealways/LMHMA-poster-16x9-thumb.webp,lovemeholdmealways,26944,900,506,1.77866,wide_landscape,RGB,False,False,no_alpha,False,1,shared_or_background,background,
58,LMHMA-poster-large.webp,.webp,WEBP,C:\Users\Black Lab Films\webgl-site\public\images\films\lovemeholdmealways\LMHMA-poster-large.webp,films/lovemeholdmealways/LMHMA-poster-large.webp,/images/films/lovemeholdmealways/LMHMA-poster-large.webp,lovemeholdmealways,131688,1600,2133,0.75012,portrait,RGB,False,False,no_alpha,False,1,shared_or_background,background,
59,LMHMA-poster-thumb.webp,.webp,WEBP,C:\Users\Black Lab Films\webgl-site\public\images\films\lovemeholdmealways\LMHMA-poster-thumb.webp,films/lovemeholdmealways/LMHMA-poster-thumb.webp,/images/films/lovemeholdmealways/LMHMA-poster-thumb.webp,lovemeholdmealways,47934,900,1200,0.75,portrait,RGB,False,False,no_alpha,False,1,shared_or_background,background,
60,LMHMA-still-01-large.webp,.webp,WEBP,C:\Users\Black Lab Films\webgl-site\public\images\films\lovemeholdmealways\LMHMA-still-01-large.webp,films/lovemeholdmealways/LMHMA-still-01-large.webp,/images/films/lovemeholdmealways/LMHMA-still-01-large.webp,lovemeholdmealways,507192,1707,1280,1.33359,landscape,RGB,False,False,no_alpha,False,1,shared_or_background,background,
61,LMHMA-still-01-thumb.webp,.webp,WEBP,C:\Users\Black Lab Films\webgl-site\public\images\films\lovemeholdmealways\LMHMA-still-01-thumb.webp,films/lovemeholdmealways/LMHMA-still-01-thumb.webp,/images/films/lovemeholdmealways/LMHMA-still-01-thumb.webp,lovemeholdmealways,139022,960,720,1.33333,landscape,RGB,False,False,no_alpha,False,1,shared_or_background,background,
62,LMHMA-still-02-large.webp,.webp,WEBP,C:\Users\Black Lab Films\webgl-site\public\images\films\lovemeholdmealways\LMHMA-still-02-large.webp,films/lovemeholdmealways/LMHMA-still-02-large.webp,/images/films/lovemeholdmealways/LMHMA-still-02-large.webp,lovemeholdmealways,855746,1707,1280,1.33359,landscape,RGB,False,False,no_alpha,False,1,shared_or_background,background,
63,LMHMA-still-02-thumb.webp,.webp,WEBP,C:\Users\Black Lab Films\webgl-site\public\images\films\lovemeholdmealways\LMHMA-still-02-thumb.webp,films/lovemeholdmealways/LMHMA-still-02-thumb.webp,/images/films/lovemeholdmealways/LMHMA-still-02-thumb.webp,lovemeholdmealways,222192,960,720,1.33333,landscape,RGB,False,False,no_alpha,False,1,shared_or_background,background,
64,LMHMA-still-03-large.webp,.webp,WEBP,C:\Users\Black Lab Films\webgl-site\public\images\films\lovemeholdmealways\LMHMA-still-03-large.webp,films/lovemeholdmealways/LMHMA-still-03-large.webp,/images/films/lovemeholdmealways/LMHMA-still-03-large.webp,lovemeholdmealways,680314,1707,1280,1.33359,landscape,RGB,False,False,no_alpha,False,1,shared_or_background,background,
65,LMHMA-still-03-thumb.webp,.webp,WEBP,C:\Users\Black Lab Films\webgl-site\public\images\films\lovemeholdmealways\LMHMA-still-03-thumb.webp,films/lovemeholdmealways/LMHMA-still-03-thumb.webp,/images/films/lovemeholdmealways/LMHMA-still-03-thumb.webp,lovemeholdmealways,181746,960,720,1.33333,landscape,RGB,False,False,no_alpha,False,1,shared_or_background,background,
66,LMHMA-still-04-large.webp,.webp,WEBP,C:\Users\Black Lab Films\webgl-site\public\images\films\lovemeholdmealways\LMHMA-still-04-large.webp,films/lovemeholdmealways/LMHMA-still-04-large.webp,/images/films/lovemeholdmealways/LMHMA-still-04-large.webp,lovemeholdmealways,844846,1500,2000,0.75,portrait,RGB,False,False,no_alpha,False,1,shared_or_background,background,
67,LMHMA-still-04-thumb.webp,.webp,WEBP,C:\Users\Black Lab Films\webgl-site\public\images\films\lovemeholdmealways\LMHMA-still-04-thumb.webp,films/lovemeholdmealways/LMHMA-still-04-thumb.webp,/images/films/lovemeholdmealways/LMHMA-still-04-thumb.webp,lovemeholdmealways,198912,825,1100,0.75,portrait,RGB,False,False,no_alpha,False,1,shared_or_background,background,
68,LMHMA-still-05-large.webp,.webp,WEBP,C:\Users\Black Lab Films\webgl-site\public\images\films\lovemeholdmealways\LMHMA-still-05-large.webp,films/lovemeholdmealways/LMHMA-still-05-large.webp,/images/films/lovemeholdmealways/LMHMA-still-05-large.webp,lovemeholdmealways,673954,1707,1280,1.33359,landscape,RGB,False,False,no_alpha,False,1,shared_or_background,background,
69,LMHMA-still-05-thumb.webp,.webp,WEBP,C:\Users\Black Lab Films\webgl-site\public\images\films\lovemeholdmealways\LMHMA-still-05-thumb.webp,films/lovemeholdmealways/LMHMA-still-05-thumb.webp,/images/films/lovemeholdmealways/LMHMA-still-05-thumb.webp,lovemeholdmealways,181518,960,720,1.33333,landscape,RGB,False,False,no_alpha,False,1,shared_or_background,background,
70,LMHMA-still-06-large.webp,.webp,WEBP,C:\Users\Black Lab Films\webgl-site\public\images\films\lovemeholdmealways\LMHMA-still-06-large.webp,films/lovemeholdmealways/LMHMA-still-06-large.webp,/images/films/lovemeholdmealways/LMHMA-still-06-large.webp,lovemeholdmealways,84190,1734,1280,1.35469,landscape,RGB,False,False,no_alpha,False,1,shared_or_background,background,
71,LMHMA-still-06-thumb.webp,.webp,WEBP,C:\Users\Black Lab Films\webgl-site\public\images\films\lovemeholdmealways\LMHMA-still-06-thumb.webp,films/lovemeholdmealways/LMHMA-still-06-thumb.webp,/images/films/lovemeholdmealways/LMHMA-still-06-thumb.webp,lovemeholdmealways,28334,975,720,1.35417,landscape,RGB,False,False,no_alpha,False,1,shared_or_background,background,
72,LMHMA-still-07-large.webp,.webp,WEBP,C:\Users\Black Lab Films\webgl-site\public\images\films\lovemeholdmealways\LMHMA-still-07-large.webp,films/lovemeholdmealways/LMHMA-still-07-large.webp,/images/films/lovemeholdmealways/LMHMA-still-07-large.webp,lovemeholdmealways,72842,1734,1280,1.35469,landscape,RGB,False,False,no_alpha,False,1,shared_or_background,background,
73,LMHMA-still-07-thumb.webp,.webp,WEBP,C:\Users\Black Lab Films\webgl-site\public\images\films\lovemeholdmealways\LMHMA-still-07-thumb.webp,films/lovemeholdmealways/LMHMA-still-07-thumb.webp,/images/films/lovemeholdmealways/LMHMA-still-07-thumb.webp,lovemeholdmealways,16248,975,720,1.35417,landscape,RGB,False,False,no_alpha,False,1,shared_or_background,background,
74,LMHMA-still-08-large.webp,.webp,WEBP,C:\Users\Black Lab Films\webgl-site\public\images\films\lovemeholdmealways\LMHMA-still-08-large.webp,films/lovemeholdmealways/LMHMA-still-08-large.webp,/images/films/lovemeholdmealways/LMHMA-still-08-large.webp,lovemeholdmealways,225462,1734,1280,1.35469,landscape,RGB,False,False,no_alpha,False,1,shared_or_background,background,
75,LMHMA-still-08-thumb.webp,.webp,WEBP,C:\Users\Black Lab Films\webgl-site\public\images\films\lovemeholdmealways\LMHMA-still-08-thumb.webp,films/lovemeholdmealways/LMHMA-still-08-thumb.webp,/images/films/lovemeholdmealways/LMHMA-still-08-thumb.webp,lovemeholdmealways,15454,975,720,1.35417,landscape,RGB,False,False,no_alpha,False,1,shared_or_background,background,
76,LMHMA-still-09-large.webp,.webp,WEBP,C:\Users\Black Lab Films\webgl-site\public\images\films\lovemeholdmealways\LMHMA-still-09-large.webp,films/lovemeholdmealways/LMHMA-still-09-large.webp,/images/films/lovemeholdmealways/LMHMA-still-09-large.webp,lovemeholdmealways,195148,1734,1280,1.35469,landscape,RGB,False,False,no_alpha,False,1,shared_or_background,background,
77,LMHMA-still-09-thumb.webp,.webp,WEBP,C:\Users\Black Lab Films\webgl-site\public\images\films\lovemeholdmealways\LMHMA-still-09-thumb.webp,films/lovemeholdmealways/LMHMA-still-09-thumb.webp,/images/films/lovemeholdmealways/LMHMA-still-09-thumb.webp,lovemeholdmealways,18068,975,720,1.35417,landscape,RGB,False,False,no_alpha,False,1,shared_or_background,background,
78,LMHMA-still-10-large.webp,.webp,WEBP,C:\Users\Black Lab Films\webgl-site\public\images\films\lovemeholdmealways\LMHMA-still-10-large.webp,films/lovemeholdmealways/LMHMA-still-10-large.webp,/images/films/lovemeholdmealways/LMHMA-still-10-large.webp,lovemeholdmealways,137652,1734,1280,1.35469,landscape,RGB,False,False,no_alpha,False,1,shared_or_background,background,
79,LMHMA-still-10-thumb.webp,.webp,WEBP,C:\Users\Black Lab Films\webgl-site\public\images\films\lovemeholdmealways\LMHMA-still-10-thumb.webp,films/lovemeholdmealways/LMHMA-still-10-thumb.webp,/images/films/lovemeholdmealways/LMHMA-still-10-thumb.webp,lovemeholdmealways,28954,975,720,1.35417,landscape,RGB,False,False,no_alpha,False,1,shared_or_background,background,
80,LMHMA-still-11-large.webp,.webp,WEBP,C:\Users\Black Lab Films\webgl-site\public\images\films\lovemeholdmealways\LMHMA-still-11-large.webp,films/lovemeholdmealways/LMHMA-still-11-large.webp,/images/films/lovemeholdmealways/LMHMA-still-11-large.webp,lovemeholdmealways,248162,1464,1080,1.35556,landscape,RGB,False,False,no_alpha,False,1,shared_or_background,background,
81,LMHMA-still-11-thumb.webp,.webp,WEBP,C:\Users\Black Lab Films\webgl-site\public\images\films\lovemeholdmealways\LMHMA-still-11-thumb.webp,films/lovemeholdmealways/LMHMA-still-11-thumb.webp,/images/films/lovemeholdmealways/LMHMA-still-11-thumb.webp,lovemeholdmealways,67666,976,720,1.35556,landscape,RGB,False,False,no_alpha,False,1,shared_or_background,background,
82,Landing_Page_01_EnterAtYourPeril.png,.png,PNG,C:\Users\Black Lab Films\webgl-site\public\images\landingpage01\Landing_Page_01_EnterAtYourPeril.png,landingpage01/Landing_Page_01_EnterAtYourPeril.png,/images/landingpage01/Landing_Page_01_EnterAtYourPeril.png,landingpage01,979221,2172,724,3.0,wide_landscape,RGB,False,False,no_alpha,False,1,landing_page_01,background,
83,Landing_Page_01_Eye.png,.png,PNG,C:\Users\Black Lab Films\webgl-site\public\images\landingpage01\Landing_Page_01_Eye.png,landingpage01/Landing_Page_01_Eye.png,/images/landingpage01/Landing_Page_01_Eye.png,landingpage01,1211761,1254,1254,1.0,square,RGB,False,False,no_alpha,False,1,landing_page_01,background,
84,Landing_Page_01_HolyFlockFilms.png,.png,PNG,C:\Users\Black Lab Films\webgl-site\public\images\landingpage01\Landing_Page_01_HolyFlockFilms.png,landingpage01/Landing_Page_01_HolyFlockFilms.png,/images/landingpage01/Landing_Page_01_HolyFlockFilms.png,landingpage01,1077001,2172,724,3.0,wide_landscape,RGB,False,False,no_alpha,False,1,landing_page_01,background,
85,Landing_Page_01_Sheep.png,.png,PNG,C:\Users\Black Lab Films\webgl-site\public\images\landingpage01\Landing_Page_01_Sheep.png,landingpage01/Landing_Page_01_Sheep.png,/images/landingpage01/Landing_Page_01_Sheep.png,landingpage01,1693526,1254,1254,1.0,square,RGB,False,False,no_alpha,False,1,landing_page_01,background,
86,"ChatGPT Image May 19, 2026, 12_08_40 PM.png",.png,PNG,"C:\Users\Black Lab Films\webgl-site\public\images\landingpage02\ChatGPT Image May 19, 2026, 12_08_40 PM.png","landingpage02/ChatGPT Image May 19, 2026, 12_08_40 PM.png","/images/landingpage02/ChatGPT Image May 19, 2026, 12_08_40 PM.png",landingpage02,2236075,1672,941,1.77683,wide_landscape,RGB,False,False,no_alpha,False,1,landing_page_01,background,
87,map-about.webp,.webp,WEBP,C:\Users\Black Lab Films\webgl-site\public\images\landingpage02\map-about.webp,landingpage02/map-about.webp,/images/landingpage02/map-about.webp,landingpage02,156822,299,576,0.5191,portrait_tall,RGBA,True,True,alpha_with_transparency,False,1,landing_page_01,background,
88,map-film.webp,.webp,WEBP,C:\Users\Black Lab Films\webgl-site\public\images\landingpage02\map-film.webp,landingpage02/map-film.webp,/images/landingpage02/map-film.webp,landingpage02,70026,291,211,1.37915,landscape,RGBA,True,True,alpha_with_transparency,False,1,landing_page_01,background,
89,map-join-the-flock.webp,.webp,WEBP,C:\Users\Black Lab Films\webgl-site\public\images\landingpage02\map-join-the-flock.webp,landingpage02/map-join-the-flock.webp,/images/landingpage02/map-join-the-flock.webp,landingpage02,46708,215,327,0.65749,portrait,RGBA,True,True,alpha_with_transparency,False,1,landing_page_01,background,
90,map-music (1).webp,.webp,WEBP,C:\Users\Black Lab Films\webgl-site\public\images\landingpage02\map-music (1).webp,landingpage02/map-music (1).webp,/images/landingpage02/map-music (1).webp,landingpage02,60520,186,289,0.6436,portrait_tall,RGBA,True,True,alpha_with_transparency,False,1,landing_page_01,background,
91,map-pitch-slate.webp,.webp,WEBP,C:\Users\Black Lab Films\webgl-site\public\images\landingpage02\map-pitch-slate.webp,landingpage02/map-pitch-slate.webp,/images/landingpage02/map-pitch-slate.webp,landingpage02,25746,167,195,0.85641,portrait,RGBA,True,True,alpha_with_transparency,False,1,landing_page_01,background,
92,HolyFlockFilmsLogo.png,.png,PNG,C:\Users\Black Lab Films\webgl-site\public\images\logo\HolyFlockFilmsLogo.png,logo/HolyFlockFilmsLogo.png,/images/logo/HolyFlockFilmsLogo.png,logo,779745,594,729,0.81481,portrait,RGBA,True,True,alpha_with_transparency,False,1,shared_or_background,background,
